"Number","Title","Wordcount","last_edit"
"01","Introduction",6676,2017-05-30 21:55:22
"02","Implementing reproducible research",1705,2017-05-30 22:01:02
"03","Collecting data for R",25,2017-05-30 21:39:24
"04","Getting data into R",3657,2017-05-30 21:17:37
"05","Cleaning and tidying data with R",186,2017-02-25 22:20:49
"06","Analysing artefact data with R",82,2016-10-17 13:13:09
"07","Analysing Excavation and stratigraphic data with R",20,2016-10-17 11:56:46
"08","Analysing spatial data and making maps with R",59,2017-03-13 22:36:36
"01","Introduction",6676,2017-05-31 04:55:22
"02","Implementing reproducible research",1705,2017-05-31 05:01:02
"03","Collecting data for R",25,2017-05-31 04:39:24
"04","Getting data into R",3657,2017-05-31 04:17:37
"05","Cleaning and tidying data with R",186,2017-02-26 06:20:49
"06","Analysing artefact data with R",82,2016-10-17 20:13:09
"07","Analysing Excavation and stratigraphic data with R",20,2016-10-17 18:56:46
"08","Analysing spatial data and making maps with R",59,2017-03-14 05:36:36
"01","Introduction",6676,2017-05-31 04:55:22
"02","Implementing reproducible research",1705,2017-05-31 05:01:02
"03","Collecting data for R",25,2017-05-31 04:39:24
"04","Getting data into R",3657,2017-05-31 04:17:37
"05","Cleaning and tidying data with R",186,2017-02-26 06:20:49
"06","Analysing artefact data with R",82,2016-10-17 20:13:09
"07","Analysing Excavation and stratigraphic data with R",20,2016-10-17 18:56:46
"08","Analysing spatial data and making maps with R",59,2017-03-14 05:36:36
"01","Introduction",6997,2017-05-31 08:23:18
"02","Implementing reproducible research",2747,2017-05-31 09:36:52
"03","Collecting data for R",27,2017-05-31 09:38:23
"04","Getting data into R",3659,2017-05-31 09:39:04
"05","Cleaning and tidying data with R",188,2017-05-31 09:39:40
"06","Analysing artefact data with R",86,2017-05-31 09:40:15
"07","Analysing Excavation and stratigraphic data with R",23,2017-05-31 09:40:39
"08","Analysing spatial data and making maps with R",57,2017-05-31 09:41:22
"01","Introduction",6997,2017-05-31 08:23:18
"02","Implementing reproducible research",2747,2017-05-31 09:36:52
"03","Collecting data for R",27,2017-05-31 09:38:23
"04","Getting data into R",3659,2017-05-31 09:39:04
"05","Cleaning and tidying data with R",188,2017-05-31 09:39:40
"06","Analysing artefact data with R",86,2017-05-31 09:40:15
"07","Analysing Excavation and stratigraphic data with R",23,2017-05-31 09:40:39
"08","Analysing spatial data and making maps with R",57,2017-05-31 09:41:22
"01","Introduction",6997,2017-05-31 08:23:18
"02","Implementing reproducible research",2747,2017-05-31 09:36:52
"03","Collecting data for R",27,2017-05-31 09:38:23
"04","Getting data into R",3659,2017-05-31 09:39:04
"05","Cleaning and tidying data with R",188,2017-05-31 09:39:40
"06","Analysing artefact data with R",86,2017-05-31 09:40:15
"07","Analysing Excavation and stratigraphic data with R",23,2017-05-31 09:40:39
"08","Analysing spatial data and making maps with R",57,2017-05-31 09:41:22
"01","Introduction",6997,2017-05-31 08:23:18
"02","Implementing reproducible research",2747,2017-05-31 09:36:52
"03","Collecting data for R",27,2017-05-31 09:38:23
"04","Getting data into R",3659,2017-05-31 09:39:04
"05","Cleaning and tidying data with R",188,2017-05-31 09:39:40
"06","Analysing artefact data with R",86,2017-05-31 09:40:15
"07","Analysing Excavation and stratigraphic data with R",23,2017-05-31 09:40:39
"08","Analysing spatial data and making maps with R",57,2017-05-31 09:41:22
"01","Introduction",6997,2017-05-31 08:23:18
"02","Implementing reproducible research",3174,2017-06-01 06:33:55
"03","Collecting data for R",27,2017-05-31 09:38:23
"04","Getting data into R",3659,2017-05-31 09:39:04
"05","Cleaning and tidying data with R",188,2017-05-31 09:39:40
"06","Analysing artefact data with R",86,2017-05-31 09:40:15
"07","Analysing Excavation and stratigraphic data with R",23,2017-05-31 09:40:39
"08","Analysing spatial data and making maps with R",57,2017-05-31 09:41:22
"01","Introduction",6997,2017-05-31 08:23:18
"02","Implementing reproducible research",3347,2017-06-01 06:57:58
"03","Collecting data for R",27,2017-05-31 09:38:23
"04","Getting data into R",3659,2017-05-31 09:39:04
"05","Cleaning and tidying data with R",188,2017-05-31 09:39:40
"06","Analysing artefact data with R",86,2017-05-31 09:40:15
"07","Analysing Excavation and stratigraphic data with R",23,2017-05-31 09:40:39
"08","Analysing spatial data and making maps with R",57,2017-05-31 09:41:22
"01","Introduction",6997,2017-05-31 08:23:18
"02","Implementing reproducible research",3416,2017-06-01 07:11:51
"03","Collecting data for R",27,2017-05-31 09:38:23
"04","Getting data into R",3659,2017-05-31 09:39:04
"05","Cleaning and tidying data with R",188,2017-05-31 09:39:40
"06","Analysing artefact data with R",86,2017-05-31 09:40:15
"07","Analysing Excavation and stratigraphic data with R",23,2017-05-31 09:40:39
"08","Analysing spatial data and making maps with R",57,2017-05-31 09:41:22
"01","Introduction",6997,2017-05-31 08:23:18
"02","Implementing reproducible research",3416,2017-06-01 07:21:25
"03","Collecting data for R",27,2017-05-31 09:38:23
"04","Getting data into R",3659,2017-05-31 09:39:04
"05","Cleaning and tidying data with R",188,2017-05-31 09:39:40
"06","Analysing artefact data with R",86,2017-05-31 09:40:15
"07","Analysing Excavation and stratigraphic data with R",23,2017-05-31 09:40:39
"08","Analysing spatial data and making maps with R",57,2017-05-31 09:41:22
"01","Introduction",6997,2017-05-31 08:23:18
"02","Implementing reproducible research",3418,2017-06-01 07:35:15
"03","Collecting data for R",27,2017-05-31 09:38:23
"04","Getting data into R",3659,2017-05-31 09:39:04
"05","Cleaning and tidying data with R",188,2017-05-31 09:39:40
"06","Analysing artefact data with R",86,2017-05-31 09:40:15
"07","Analysing Excavation and stratigraphic data with R",23,2017-05-31 09:40:39
"08","Analysing spatial data and making maps with R",57,2017-05-31 09:41:22
"01","Introduction",6997,2017-05-31 08:23:18
"02","Implementing reproducible research",3441,2017-06-01 07:48:17
"03","Collecting data for R",27,2017-05-31 09:38:23
"04","Getting data into R",3659,2017-05-31 09:39:04
"05","Cleaning and tidying data with R",188,2017-05-31 09:39:40
"06","Analysing artefact data with R",86,2017-05-31 09:40:15
"07","Analysing Excavation and stratigraphic data with R",23,2017-05-31 09:40:39
"08","Analysing spatial data and making maps with R",57,2017-05-31 09:41:22
"01","Introduction",6997,2017-05-31 08:23:18
"02","Implementing reproducible research",3441,2017-06-01 07:49:33
"03","Collecting data for R",27,2017-05-31 09:38:23
"04","Getting data into R",3659,2017-05-31 09:39:04
"05","Cleaning and tidying data with R",188,2017-05-31 09:39:40
"06","Analysing artefact data with R",86,2017-05-31 09:40:15
"07","Analysing Excavation and stratigraphic data with R",23,2017-05-31 09:40:39
"08","Analysing spatial data and making maps with R",57,2017-05-31 09:41:22
"01","Introduction",6997,2017-05-31 08:23:18
"02","Implementing reproducible research",4505,2017-06-04 01:25:21
"03","Collecting data for R",27,2017-05-31 09:38:23
"04","Getting data into R",3659,2017-05-31 09:39:04
"05","Cleaning and tidying data with R",188,2017-05-31 09:39:40
"06","Analysing artefact data with R",86,2017-05-31 09:40:15
"07","Analysing Excavation and stratigraphic data with R",23,2017-05-31 09:40:39
"08","Analysing spatial data and making maps with R",57,2017-05-31 09:41:22
"01","Introduction",6997,2017-05-31 08:23:18
"02","Implementing reproducible research",4582,2017-06-04 01:56:39
"03","Collecting data for R",27,2017-05-31 09:38:23
"04","Getting data into R",3659,2017-05-31 09:39:04
"05","Cleaning and tidying data with R",188,2017-05-31 09:39:40
"06","Analysing artefact data with R",86,2017-05-31 09:40:15
"07","Analysing Excavation and stratigraphic data with R",23,2017-05-31 09:40:39
"08","Analysing spatial data and making maps with R",57,2017-05-31 09:41:22
"01","Introduction",6997,2017-05-31 08:23:18
"02","Implementing reproducible research",4601,2017-06-04 02:03:35
"03","Collecting data for R",27,2017-05-31 09:38:23
"04","Getting data into R",3659,2017-05-31 09:39:04
"05","Cleaning and tidying data with R",188,2017-05-31 09:39:40
"06","Analysing artefact data with R",86,2017-05-31 09:40:15
"07","Analysing Excavation and stratigraphic data with R",23,2017-05-31 09:40:39
"08","Analysing spatial data and making maps with R",57,2017-05-31 09:41:22
"01","Introduction",6997,2017-05-31 08:23:18
"02","Implementing reproducible research",4755,2017-06-04 02:14:25
"03","Collecting data for R",27,2017-05-31 09:38:23
"04","Getting data into R",3659,2017-05-31 09:39:04
"05","Cleaning and tidying data with R",188,2017-05-31 09:39:40
"06","Analysing artefact data with R",86,2017-05-31 09:40:15
"07","Analysing Excavation and stratigraphic data with R",23,2017-05-31 09:40:39
"08","Analysing spatial data and making maps with R",57,2017-05-31 09:41:22
"01","Introduction",6997,2017-05-31 08:23:18
"02","Implementing reproducible research",4751,2017-06-04 02:15:31
"03","Collecting data for R",27,2017-05-31 09:38:23
"04","Getting data into R",3659,2017-05-31 09:39:04
"05","Cleaning and tidying data with R",188,2017-05-31 09:39:40
"06","Analysing artefact data with R",86,2017-05-31 09:40:15
"07","Analysing Excavation and stratigraphic data with R",23,2017-05-31 09:40:39
"08","Analysing spatial data and making maps with R",57,2017-05-31 09:41:22
"01","Introduction",6997,2017-05-31 08:23:18
"02","Implementing reproducible research",4751,2017-06-04 02:16:57
"03","Collecting data for R",27,2017-05-31 09:38:23
"04","Getting data into R",3659,2017-05-31 09:39:04
"05","Cleaning and tidying data with R",188,2017-05-31 09:39:40
"06","Analysing artefact data with R",86,2017-05-31 09:40:15
"07","Analysing Excavation and stratigraphic data with R",23,2017-05-31 09:40:39
"08","Analysing spatial data and making maps with R",57,2017-05-31 09:41:22
"01","Introduction",6997,2017-05-31 08:23:18
"02","Implementing reproducible research",4920,2017-06-04 02:39:08
"03","Collecting data for R",27,2017-05-31 09:38:23
"04","Getting data into R",3659,2017-05-31 09:39:04
"05","Cleaning and tidying data with R",188,2017-05-31 09:39:40
"06","Analysing artefact data with R",86,2017-05-31 09:40:15
"07","Analysing Excavation and stratigraphic data with R",23,2017-05-31 09:40:39
"08","Analysing spatial data and making maps with R",57,2017-05-31 09:41:22
"01","Introduction",6997,2017-05-31 08:23:18
"02","Implementing reproducible research",5140,2017-06-04 03:13:27
"03","Collecting data for R",27,2017-05-31 09:38:23
"04","Getting data into R",3659,2017-05-31 09:39:04
"05","Cleaning and tidying data with R",188,2017-05-31 09:39:40
"06","Analysing artefact data with R",86,2017-05-31 09:40:15
"07","Analysing Excavation and stratigraphic data with R",23,2017-05-31 09:40:39
"08","Analysing spatial data and making maps with R",57,2017-05-31 09:41:22
"01","Introduction",6997,2017-05-31 08:23:18
"02","Implementing reproducible research",5186,2017-06-04 03:16:47
"03","Collecting data for R",27,2017-05-31 09:38:23
"04","Getting data into R",3659,2017-05-31 09:39:04
"05","Cleaning and tidying data with R",188,2017-05-31 09:39:40
"06","Analysing artefact data with R",86,2017-05-31 09:40:15
"07","Analysing Excavation and stratigraphic data with R",23,2017-05-31 09:40:39
"08","Analysing spatial data and making maps with R",57,2017-05-31 09:41:22
"01","Introduction",6997,2017-05-31 08:23:18
"02","Implementing reproducible research",5190,2017-06-04 03:19:12
"03","Collecting data for R",27,2017-05-31 09:38:23
"04","Getting data into R",3659,2017-05-31 09:39:04
"05","Cleaning and tidying data with R",188,2017-05-31 09:39:40
"06","Analysing artefact data with R",86,2017-05-31 09:40:15
"07","Analysing Excavation and stratigraphic data with R",23,2017-05-31 09:40:39
"08","Analysing spatial data and making maps with R",57,2017-05-31 09:41:22
"01","Introduction",6997,2017-05-31 08:23:18
"02","Implementing reproducible research",5195,2017-06-04 03:21:02
"03","Collecting data for R",27,2017-05-31 09:38:23
"04","Getting data into R",3659,2017-05-31 09:39:04
"05","Cleaning and tidying data with R",188,2017-05-31 09:39:40
"06","Analysing artefact data with R",86,2017-05-31 09:40:15
"07","Analysing Excavation and stratigraphic data with R",23,2017-05-31 09:40:39
"08","Analysing spatial data and making maps with R",57,2017-05-31 09:41:22
"01","Introduction",6997,2017-05-31 08:23:18
"02","Implementing reproducible research",5247,2017-06-04 03:26:06
"03","Collecting data for R",27,2017-05-31 09:38:23
"04","Getting data into R",3659,2017-05-31 09:39:04
"05","Cleaning and tidying data with R",188,2017-05-31 09:39:40
"06","Analysing artefact data with R",86,2017-05-31 09:40:15
"07","Analysing Excavation and stratigraphic data with R",23,2017-05-31 09:40:39
"08","Analysing spatial data and making maps with R",57,2017-05-31 09:41:22
"01","Introduction",6997,2017-05-31 08:23:18
"02","Implementing reproducible research",5428,2017-06-04 03:53:16
"03","Collecting data for R",27,2017-05-31 09:38:23
"04","Getting data into R",3659,2017-05-31 09:39:04
"05","Cleaning and tidying data with R",188,2017-05-31 09:39:40
"06","Analysing artefact data with R",86,2017-05-31 09:40:15
"07","Analysing Excavation and stratigraphic data with R",23,2017-05-31 09:40:39
"08","Analysing spatial data and making maps with R",57,2017-05-31 09:41:22
"01","Introduction",6997,2017-05-31 08:23:18
"02","Implementing reproducible research",5477,2017-06-04 03:55:41
"03","Collecting data for R",27,2017-05-31 09:38:23
"04","Getting data into R",3659,2017-05-31 09:39:04
"05","Cleaning and tidying data with R",188,2017-05-31 09:39:40
"06","Analysing artefact data with R",86,2017-05-31 09:40:15
"07","Analysing Excavation and stratigraphic data with R",23,2017-05-31 09:40:39
"08","Analysing spatial data and making maps with R",57,2017-05-31 09:41:22
"01","Introduction",6997,2017-05-31 08:23:18
"02","Implementing reproducible research",5533,2017-06-04 04:02:38
"03","Collecting data for R",27,2017-05-31 09:38:23
"04","Getting data into R",3659,2017-05-31 09:39:04
"05","Cleaning and tidying data with R",188,2017-05-31 09:39:40
"06","Analysing artefact data with R",86,2017-05-31 09:40:15
"07","Analysing Excavation and stratigraphic data with R",23,2017-05-31 09:40:39
"08","Analysing spatial data and making maps with R",57,2017-05-31 09:41:22
"01","Introduction",6997,2017-05-31 08:23:18
"02","Implementing reproducible research",5533,2017-06-04 04:03:54
"03","Collecting data for R",27,2017-05-31 09:38:23
"04","Getting data into R",3659,2017-05-31 09:39:04
"05","Cleaning and tidying data with R",188,2017-05-31 09:39:40
"06","Analysing artefact data with R",86,2017-05-31 09:40:15
"07","Analysing Excavation and stratigraphic data with R",23,2017-05-31 09:40:39
"08","Analysing spatial data and making maps with R",57,2017-05-31 09:41:22
"01","Introduction",6997,2017-05-31 08:23:18
"02","Implementing reproducible research",5625,2017-06-04 04:17:43
"03","Collecting data for R",27,2017-05-31 09:38:23
"04","Getting data into R",3659,2017-05-31 09:39:04
"05","Cleaning and tidying data with R",188,2017-05-31 09:39:40
"06","Analysing artefact data with R",86,2017-05-31 09:40:15
"07","Analysing Excavation and stratigraphic data with R",23,2017-05-31 09:40:39
"08","Analysing spatial data and making maps with R",57,2017-05-31 09:41:22
"01","Introduction",6997,2017-05-31 08:23:18
"02","Implementing reproducible research",5664,2017-06-04 04:30:39
"03","Collecting data for R",27,2017-05-31 09:38:23
"04","Getting data into R",3659,2017-05-31 09:39:04
"05","Cleaning and tidying data with R",188,2017-05-31 09:39:40
"06","Analysing artefact data with R",86,2017-05-31 09:40:15
"07","Analysing Excavation and stratigraphic data with R",23,2017-05-31 09:40:39
"08","Analysing spatial data and making maps with R",57,2017-05-31 09:41:22
"01","Introduction",6997,2017-05-31 08:23:18
"02","Implementing reproducible research",5662,2017-06-04 04:34:14
"03","Collecting data for R",27,2017-05-31 09:38:23
"04","Getting data into R",3659,2017-05-31 09:39:04
"05","Cleaning and tidying data with R",188,2017-05-31 09:39:40
"06","Analysing artefact data with R",86,2017-05-31 09:40:15
"07","Analysing Excavation and stratigraphic data with R",23,2017-05-31 09:40:39
"08","Analysing spatial data and making maps with R",57,2017-05-31 09:41:22
"01","Introduction",6997,2017-05-31 08:23:18
"02","Implementing reproducible research",5662,2017-06-04 04:34:14
"03","Collecting data for R",27,2017-05-31 09:38:23
"04","Getting data into R",3659,2017-05-31 09:39:04
"05","Cleaning and tidying data with R",188,2017-05-31 09:39:40
"06","Analysing artefact data with R",86,2017-05-31 09:40:15
"07","Analysing Excavation and stratigraphic data with R",23,2017-05-31 09:40:39
"08","Analysing spatial data and making maps with R",57,2017-05-31 09:41:22
"01","Introduction",6997,2017-05-31 08:23:18
"02","Implementing reproducible research",5662,2017-06-04 04:34:14
"03","Collecting data for R",27,2017-05-31 09:38:23
"04","Getting data into R",3659,2017-05-31 09:39:04
"05","Cleaning and tidying data with R",188,2017-05-31 09:39:40
"06","Analysing artefact data with R",86,2017-05-31 09:40:15
"07","Analysing Excavation and stratigraphic data with R",23,2017-05-31 09:40:39
"08","Analysing spatial data and making maps with R",57,2017-05-31 09:41:22
"01","Introduction",6997,2017-05-31 08:23:18
"02","Implementing reproducible research",5662,2017-06-04 04:34:14
"03","Collecting data for R",27,2017-05-31 09:38:23
"04","Getting data into R",3659,2017-05-31 09:39:04
"05","Cleaning and tidying data with R",188,2017-05-31 09:39:40
"06","Analysing artefact data with R",86,2017-05-31 09:40:15
"07","Analysing Excavation and stratigraphic data with R",23,2017-05-31 09:40:39
"08","Analysing spatial data and making maps with R",57,2017-05-31 09:41:22
"01","Introduction",6997,2017-05-31 08:23:18
"02","Implementing reproducible research",5772,2017-06-06 07:19:14
"03","Collecting data for R",27,2017-05-31 09:38:23
"04","Getting data into R",3659,2017-05-31 09:39:04
"05","Cleaning and tidying data with R",188,2017-05-31 09:39:40
"06","Analysing artefact data with R",86,2017-05-31 09:40:15
"07","Analysing Excavation and stratigraphic data with R",23,2017-05-31 09:40:39
"08","Analysing spatial data and making maps with R",57,2017-05-31 09:41:22
"01","Introduction",6997,2017-05-31 08:23:18
"02","Implementing reproducible research",6330,2017-06-06 08:38:22
"03","Collecting data for R",27,2017-05-31 09:38:23
"04","Getting data into R",3659,2017-05-31 09:39:04
"05","Cleaning and tidying data with R",188,2017-05-31 09:39:40
"06","Analysing artefact data with R",86,2017-05-31 09:40:15
"07","Analysing Excavation and stratigraphic data with R",23,2017-05-31 09:40:39
"08","Analysing spatial data and making maps with R",57,2017-05-31 09:41:22
"01","Introduction",6997,2017-05-31 08:23:18
"02","Implementing reproducible research",6374,2017-06-06 09:53:32
"03","Collecting data for R",27,2017-05-31 09:38:23
"04","Getting data into R",3659,2017-05-31 09:39:04
"05","Cleaning and tidying data with R",188,2017-05-31 09:39:40
"06","Analysing artefact data with R",86,2017-05-31 09:40:15
"07","Analysing Excavation and stratigraphic data with R",23,2017-05-31 09:40:39
"08","Analysing spatial data and making maps with R",57,2017-05-31 09:41:22
"01","Introduction",6997,2017-05-31 08:23:18
"02","Implementing reproducible research",6552,2017-06-06 11:18:19
"03","Collecting data for R",27,2017-05-31 09:38:23
"04","Getting data into R",3659,2017-05-31 09:39:04
"05","Cleaning and tidying data with R",188,2017-05-31 09:39:40
"06","Analysing artefact data with R",86,2017-05-31 09:40:15
"07","Analysing Excavation and stratigraphic data with R",23,2017-05-31 09:40:39
"08","Analysing spatial data and making maps with R",57,2017-05-31 09:41:22
"01","Introduction",6997,2017-05-31 08:23:18
"02","Implementing reproducible research",6777,2017-06-06 11:43:12
"03","Collecting data for R",27,2017-05-31 09:38:23
"04","Getting data into R",3659,2017-05-31 09:39:04
"05","Cleaning and tidying data with R",188,2017-05-31 09:39:40
"06","Analysing artefact data with R",86,2017-05-31 09:40:15
"07","Analysing Excavation and stratigraphic data with R",23,2017-05-31 09:40:39
"08","Analysing spatial data and making maps with R",57,2017-05-31 09:41:22
"01","Introduction",6997,2017-05-31 08:23:18
"02","Implementing reproducible research",6790,2017-06-06 11:48:56
"03","Collecting data for R",27,2017-05-31 09:38:23
"04","Getting data into R",3659,2017-05-31 09:39:04
"05","Cleaning and tidying data with R",188,2017-05-31 09:39:40
"06","Analysing artefact data with R",86,2017-05-31 09:40:15
"07","Analysing Excavation and stratigraphic data with R",23,2017-05-31 09:40:39
"08","Analysing spatial data and making maps with R",57,2017-05-31 09:41:22
"01","Introduction",6997,2017-05-31 08:23:18
"02","Implementing reproducible research",6790,2017-06-06 12:02:40
"03","Collecting data for R",27,2017-05-31 09:38:23
"04","Getting data into R",3659,2017-05-31 09:39:04
"05","Cleaning and tidying data with R",188,2017-05-31 09:39:40
"06","Analysing artefact data with R",86,2017-05-31 09:40:15
"07","Analysing Excavation and stratigraphic data with R",23,2017-05-31 09:40:39
"08","Analysing spatial data and making maps with R",57,2017-05-31 09:41:22
"01","Introduction",6997,2017-05-31 08:23:18
"02","Implementing reproducible research",6796,2017-06-06 12:03:28
"03","Collecting data for R",27,2017-05-31 09:38:23
"04","Getting data into R",3659,2017-05-31 09:39:04
"05","Cleaning and tidying data with R",188,2017-05-31 09:39:40
"06","Analysing artefact data with R",86,2017-05-31 09:40:15
"07","Analysing Excavation and stratigraphic data with R",23,2017-05-31 09:40:39
"08","Analysing spatial data and making maps with R",57,2017-05-31 09:41:22
"01","Introduction",6997,2017-06-10 05:36:24
"02","Implementing reproducible research",6796,2017-06-10 05:55:30
"03","Collecting data for R",27,2017-05-31 09:38:23
"04","Getting data into R",3659,2017-05-31 09:39:04
"05","Cleaning and tidying data with R",188,2017-05-31 09:39:40
"06","Analysing artefact data with R",86,2017-05-31 09:40:15
"07","Analysing Excavation and stratigraphic data with R",23,2017-05-31 09:40:39
"08","Analysing spatial data and making maps with R",57,2017-05-31 09:41:22
"01","Introduction",6997,2017-06-10 05:36:24
"02","Implementing reproducible research",6797,2017-06-10 05:59:17
"03","Collecting data for R",27,2017-05-31 09:38:23
"04","Getting data into R",3659,2017-05-31 09:39:04
"05","Cleaning and tidying data with R",188,2017-05-31 09:39:40
"06","Analysing artefact data with R",86,2017-05-31 09:40:15
"07","Analysing Excavation and stratigraphic data with R",23,2017-05-31 09:40:39
"08","Analysing spatial data and making maps with R",57,2017-05-31 09:41:22
"01","Introduction",6997,2017-06-10 05:36:24
"02","Implementing reproducible research",6826,2017-06-10 06:05:25
"03","Collecting data for R",27,2017-05-31 09:38:23
"04","Getting data into R",3659,2017-05-31 09:39:04
"05","Cleaning and tidying data with R",188,2017-05-31 09:39:40
"06","Analysing artefact data with R",86,2017-05-31 09:40:15
"07","Analysing Excavation and stratigraphic data with R",23,2017-05-31 09:40:39
"08","Analysing spatial data and making maps with R",57,2017-05-31 09:41:22
"01","Introduction",6997,2017-06-10 05:36:24
"02","Implementing reproducible research",6826,2017-06-10 06:05:25
"03","Collecting data for R",27,2017-05-31 09:38:23
"04","Getting data into R",3659,2017-05-31 09:39:04
"05","Cleaning and tidying data with R",188,2017-05-31 09:39:40
"06","Analysing artefact data with R",86,2017-05-31 09:40:15
"07","Analysing Excavation and stratigraphic data with R",23,2017-05-31 09:40:39
"08","Analysing spatial data and making maps with R",57,2017-05-31 09:41:22
"01","Introduction",6997,2017-06-10 05:36:24
"02","Implementing reproducible research",6896,2017-06-10 06:22:01
"03","Collecting data for R",27,2017-05-31 09:38:23
"04","Getting data into R",3659,2017-05-31 09:39:04
"05","Cleaning and tidying data with R",188,2017-05-31 09:39:40
"06","Analysing artefact data with R",86,2017-05-31 09:40:15
"07","Analysing Excavation and stratigraphic data with R",23,2017-05-31 09:40:39
"08","Analysing spatial data and making maps with R",57,2017-05-31 09:41:22
"01","Introduction",6997,2017-06-10 05:36:24
"02","Implementing reproducible research",7027,2017-06-10 07:09:07
"03","Collecting data for R",27,2017-05-31 09:38:23
"04","Getting data into R",3659,2017-05-31 09:39:04
"05","Cleaning and tidying data with R",188,2017-05-31 09:39:40
"06","Analysing artefact data with R",86,2017-05-31 09:40:15
"07","Analysing Excavation and stratigraphic data with R",23,2017-05-31 09:40:39
"08","Analysing spatial data and making maps with R",57,2017-05-31 09:41:22
"01","Introduction",6997,2017-06-10 05:36:24
"02","Implementing reproducible research",7027,2017-06-10 07:14:27
"03","Collecting data for R",27,2017-05-31 09:38:23
"04","Getting data into R",3659,2017-05-31 09:39:04
"05","Cleaning and tidying data with R",188,2017-05-31 09:39:40
"06","Analysing artefact data with R",86,2017-05-31 09:40:15
"07","Analysing Excavation and stratigraphic data with R",23,2017-05-31 09:40:39
"08","Analysing spatial data and making maps with R",57,2017-05-31 09:41:22
"01","Introduction",6997,2017-06-10 05:36:24
"02","Implementing reproducible research",7027,2017-06-10 07:16:03
"03","Collecting data for R",27,2017-05-31 09:38:23
"04","Getting data into R",3659,2017-05-31 09:39:04
"05","Cleaning and tidying data with R",188,2017-05-31 09:39:40
"06","Analysing artefact data with R",86,2017-05-31 09:40:15
"07","Analysing Excavation and stratigraphic data with R",23,2017-05-31 09:40:39
"08","Analysing spatial data and making maps with R",57,2017-05-31 09:41:22
"01","Introduction",6997,2017-06-10 05:36:24
"02","Implementing reproducible research",7030,2017-06-10 07:18:42
"03","Collecting data for R",27,2017-05-31 09:38:23
"04","Getting data into R",3659,2017-05-31 09:39:04
"05","Cleaning and tidying data with R",188,2017-05-31 09:39:40
"06","Analysing artefact data with R",86,2017-05-31 09:40:15
"07","Analysing Excavation and stratigraphic data with R",23,2017-05-31 09:40:39
"08","Analysing spatial data and making maps with R",57,2017-05-31 09:41:22
"01","Introduction",6997,2017-06-10 05:36:24
"02","Implementing reproducible research",7029,2017-06-10 07:20:54
"03","Collecting data for R",27,2017-05-31 09:38:23
"04","Getting data into R",3659,2017-05-31 09:39:04
"05","Cleaning and tidying data with R",188,2017-05-31 09:39:40
"06","Analysing artefact data with R",86,2017-05-31 09:40:15
"07","Analysing Excavation and stratigraphic data with R",23,2017-05-31 09:40:39
"08","Analysing spatial data and making maps with R",57,2017-05-31 09:41:22
"01","Introduction",6997,2017-06-10 05:36:24
"02","Implementing reproducible research",7026,2017-06-10 07:22:47
"03","Collecting data for R",27,2017-05-31 09:38:23
"04","Getting data into R",3659,2017-05-31 09:39:04
"05","Cleaning and tidying data with R",188,2017-05-31 09:39:40
"06","Analysing artefact data with R",86,2017-05-31 09:40:15
"07","Analysing Excavation and stratigraphic data with R",23,2017-05-31 09:40:39
"08","Analysing spatial data and making maps with R",57,2017-05-31 09:41:22
"01","Introduction",6997,2017-06-10 05:36:24
"02","Implementing reproducible research",7030,2017-06-10 07:23:54
"03","Collecting data for R",27,2017-05-31 09:38:23
"04","Getting data into R",3659,2017-05-31 09:39:04
"05","Cleaning and tidying data with R",188,2017-05-31 09:39:40
"06","Analysing artefact data with R",86,2017-05-31 09:40:15
"07","Analysing Excavation and stratigraphic data with R",23,2017-05-31 09:40:39
"08","Analysing spatial data and making maps with R",57,2017-05-31 09:41:22
"01","Introduction",6997,2017-06-10 05:36:24
"02","Implementing reproducible research",7030,2017-06-10 07:28:42
"03","Collecting data for R",27,2017-05-31 09:38:23
"04","Getting data into R",3659,2017-05-31 09:39:04
"05","Cleaning and tidying data with R",188,2017-05-31 09:39:40
"06","Analysing artefact data with R",86,2017-05-31 09:40:15
"07","Analysing Excavation and stratigraphic data with R",23,2017-05-31 09:40:39
"08","Analysing spatial data and making maps with R",57,2017-05-31 09:41:22
"01","Introduction",6997,2017-06-10 05:36:24
"02","Implementing reproducible research",7030,2017-06-10 07:30:37
"03","Collecting data for R",27,2017-05-31 09:38:23
"04","Getting data into R",3659,2017-05-31 09:39:04
"05","Cleaning and tidying data with R",188,2017-05-31 09:39:40
"06","Analysing artefact data with R",86,2017-05-31 09:40:15
"07","Analysing Excavation and stratigraphic data with R",23,2017-05-31 09:40:39
"08","Analysing spatial data and making maps with R",57,2017-05-31 09:41:22
"01","Introduction",6997,2017-06-10 18:22:35
"02","Implementing reproducible research",8090,2017-06-11 23:49:11
"03","Collecting data for R",27,2017-06-10 18:22:35
"04","Getting data into R",3659,2017-06-10 18:22:35
"05","Cleaning and tidying data with R",188,2017-06-10 18:22:35
"06","Analysing artefact data with R",86,2017-06-10 18:22:35
"07","Analysing Excavation and stratigraphic data with R",23,2017-06-10 18:22:35
"08","Analysing spatial data and making maps with R",57,2017-06-10 18:22:35
"01","Introduction",6997,2017-06-10 18:22:35
"02","Implementing reproducible research",8087,2017-06-12 00:00:30
"03","Collecting data for R",129,2017-06-12 00:06:16
"04","Getting data into R",3659,2017-06-10 18:22:35
"05","Cleaning and tidying data with R",188,2017-06-10 18:22:35
"06","Analysing artefact data with R",86,2017-06-10 18:22:35
"07","Analysing Excavation and stratigraphic data with R",23,2017-06-10 18:22:35
"08","Analysing spatial data and making maps with R",57,2017-06-10 18:22:35
"01","Introduction",6997,2017-06-10 18:22:35
"02","Implementing reproducible research",8087,2017-06-12 00:00:30
"03","Collecting data for R",1574,2017-06-12 03:56:21
"04","Getting data into R",3659,2017-06-10 18:22:35
"05","Cleaning and tidying data with R",188,2017-06-10 18:22:35
"06","Analysing artefact data with R",86,2017-06-10 18:22:35
"07","Analysing Excavation and stratigraphic data with R",23,2017-06-10 18:22:35
"08","Analysing spatial data and making maps with R",57,2017-06-10 18:22:35
"01","Introduction",6997,2017-06-10 18:22:35
"02","Implementing reproducible research",8087,2017-06-12 00:00:30
"03","Collecting data for R",2123,2017-06-12 04:40:40
"04","Getting data into R",3659,2017-06-10 18:22:35
"05","Cleaning and tidying data with R",188,2017-06-10 18:22:35
"06","Analysing artefact data with R",86,2017-06-10 18:22:35
"07","Analysing Excavation and stratigraphic data with R",23,2017-06-10 18:22:35
"08","Analysing spatial data and making maps with R",57,2017-06-10 18:22:35
"01","Introduction",6997,2017-06-10 18:22:35
"02","Implementing reproducible research",8087,2017-06-12 00:00:30
"03","Collecting data for R",2186,2017-06-13 22:04:14
"04","Getting data into R",3659,2017-06-10 18:22:35
"05","Cleaning and tidying data with R",188,2017-06-10 18:22:35
"06","Analysing artefact data with R",86,2017-06-10 18:22:35
"07","Analysing Excavation and stratigraphic data with R",23,2017-06-10 18:22:35
"08","Analysing spatial data and making maps with R",57,2017-06-10 18:22:35
"01","Introduction",6997,2017-06-10 18:22:35
"02","Implementing reproducible research",8087,2017-06-12 00:00:30
"03","Collecting data for R",2265,2017-06-13 23:53:15
"04","Getting data into R",3659,2017-06-10 18:22:35
"05","Cleaning and tidying data with R",188,2017-06-10 18:22:35
"06","Analysing artefact data with R",86,2017-06-10 18:22:35
"07","Analysing Excavation and stratigraphic data with R",23,2017-06-10 18:22:35
"08","Analysing spatial data and making maps with R",57,2017-06-10 18:22:35
"01","Introduction",6997,2017-06-10 18:22:35
"02","Implementing reproducible research",8086,2017-06-12 00:00:30
"03","Collecting data for R",2377,2017-06-14 06:33:24
"04","Getting data into R",3659,2017-06-10 18:22:35
"05","Cleaning and tidying data with R",188,2017-06-10 18:22:35
"06","Analysing artefact data with R",86,2017-06-10 18:22:35
"07","Analysing Excavation and stratigraphic data with R",23,2017-06-10 18:22:35
"08","Analysing spatial data and making maps with R",57,2017-06-10 18:22:35
"01","Introduction",6997,2017-06-10 18:22:35
"02","Implementing reproducible research",8086,2017-06-12 00:00:30
"03","Collecting data for R",2377,2017-06-14 06:33:24
"04","Getting data into R",3659,2017-06-10 18:22:35
"05","Cleaning and tidying data with R",188,2017-06-10 18:22:35
"06","Analysing artefact data with R",86,2017-06-10 18:22:35
"07","Analysing Excavation and stratigraphic data with R",23,2017-06-10 18:22:35
"08","Analysing spatial data and making maps with R",57,2017-06-10 18:22:35
"01","Introduction",6997,2017-06-10 18:22:35
"02","Implementing reproducible research",8086,2017-06-12 00:00:30
"03","Collecting data for R",2371,2017-06-16 23:16:33
"04","Getting data into R",3659,2017-06-10 18:22:35
"05","Cleaning and tidying data with R",188,2017-06-10 18:22:35
"06","Analysing artefact data with R",86,2017-06-10 18:22:35
"07","Analysing Excavation and stratigraphic data with R",23,2017-06-10 18:22:35
"08","Analysing spatial data and making maps with R",57,2017-06-10 18:22:35
"01","Introduction",6997,2017-06-10 18:22:35
"02","Implementing reproducible research",8086,2017-06-12 00:00:30
"03","Collecting data for R",2371,2017-06-16 23:16:33
"04","Getting data into R",3659,2017-06-10 18:22:35
"05","Cleaning and tidying data with R",188,2017-06-10 18:22:35
"06","Analysing artefact data with R",86,2017-06-10 18:22:35
"07","Analysing Excavation and stratigraphic data with R",23,2017-06-10 18:22:35
"08","Analysing spatial data and making maps with R",57,2017-06-10 18:22:35
"01","Introduction",6997,2017-06-10 18:22:35
"02","Implementing reproducible research",8086,2017-06-12 00:00:30
"03","Collecting data for R",2371,2017-06-16 23:16:33
"04","Getting data into R",3659,2017-06-10 18:22:35
"05","Cleaning and tidying data with R",188,2017-06-10 18:22:35
"06","Analysing artefact data with R",86,2017-06-10 18:22:35
"07","Analysing Excavation and stratigraphic data with R",23,2017-06-10 18:22:35
"08","Analysing spatial data and making maps with R",57,2017-06-10 18:22:35
"01","Introduction",6997,2017-06-10 18:22:35
"02","Implementing reproducible research",8086,2017-06-12 00:00:30
"03","Collecting data for R",2371,2017-06-16 23:16:33
"04","Getting data into R",3659,2017-06-10 18:22:35
"05","Cleaning and tidying data with R",188,2017-06-10 18:22:35
"06","Analysing artefact data with R",86,2017-06-10 18:22:35
"07","Analysing Excavation and stratigraphic data with R",23,2017-06-10 18:22:35
"08","Analysing spatial data and making maps with R",57,2017-06-10 18:22:35
"01","Introduction",6997,2017-06-10 18:22:35
"02","Implementing reproducible research",8086,2017-06-12 00:00:30
"03","Collecting data for R",2371,2017-06-16 23:16:33
"04","Getting data into R",3659,2017-06-10 18:22:35
"05","Cleaning and tidying data with R",188,2017-06-10 18:22:35
"06","Analysing artefact data with R",86,2017-06-10 18:22:35
"07","Analysing Excavation and stratigraphic data with R",23,2017-06-10 18:22:35
"08","Analysing spatial data and making maps with R",57,2017-06-10 18:22:35
"01","Introduction",6997,2017-06-10 18:22:35
"02","Implementing reproducible research",8086,2017-06-12 00:00:30
"03","Collecting data for R",2371,2017-06-16 23:16:33
"04","Getting data into R",3659,2017-06-10 18:22:35
"05","Cleaning and tidying data with R",188,2017-06-10 18:22:35
"06","Analysing artefact data with R",86,2017-06-10 18:22:35
"07","Analysing Excavation and stratigraphic data with R",23,2017-06-10 18:22:35
"08","Analysing spatial data and making maps with R",57,2017-06-10 18:22:35
"01","Introduction",6997,2017-06-10 18:22:35
"02","Implementing reproducible research",8086,2017-06-12 00:00:30
"03","Collecting data for R",2371,2017-06-16 23:16:33
"04","Getting data into R",3659,2017-06-10 18:22:35
"05","Cleaning and tidying data with R",188,2017-06-10 18:22:35
"06","Analysing artefact data with R",86,2017-06-10 18:22:35
"07","Analysing Excavation and stratigraphic data with R",23,2017-06-10 18:22:35
"08","Analysing spatial data and making maps with R",57,2017-06-10 18:22:35
"01","Introduction",6997,2017-06-10 18:22:35
"02","Implementing reproducible research",8086,2017-06-17 00:55:31
"03","Collecting data for R",2371,2017-06-16 23:16:33
"04","Getting data into R",3659,2017-06-10 18:22:35
"05","Cleaning and tidying data with R",188,2017-06-10 18:22:35
"06","Analysing artefact data with R",86,2017-06-10 18:22:35
"07","Analysing Excavation and stratigraphic data with R",23,2017-06-10 18:22:35
"08","Analysing spatial data and making maps with R",57,2017-06-10 18:22:35
"01","Introduction",6997,2017-06-10 18:22:35
"02","Implementing reproducible research",8086,2017-06-17 00:55:31
"03","Collecting data for R",2371,2017-06-16 23:16:33
"04","Getting data into R",3659,2017-06-10 18:22:35
"05","Cleaning and tidying data with R",188,2017-06-10 18:22:35
"06","Analysing artefact data with R",86,2017-06-10 18:22:35
"07","Analysing Excavation and stratigraphic data with R",23,2017-06-10 18:22:35
"08","Analysing spatial data and making maps with R",57,2017-06-10 18:22:35
"01","Introduction",6997,2017-06-10 18:22:35
"02","Implementing reproducible research",8086,2017-06-17 00:55:31
"03","Collecting data for R",2919,2017-06-17 07:07:28
"04","Getting data into R",3659,2017-06-10 18:22:35
"05","Cleaning and tidying data with R",188,2017-06-10 18:22:35
"06","Analysing artefact data with R",86,2017-06-10 18:22:35
"07","Analysing Excavation and stratigraphic data with R",23,2017-06-10 18:22:35
"08","Analysing spatial data and making maps with R",57,2017-06-10 18:22:35
"01","Introduction",6997,2017-06-10 18:22:35
"02","Implementing reproducible research",8086,2017-06-17 00:55:31
"03","Collecting data for R",2920,2017-06-17 07:13:26
"04","Getting data into R",3659,2017-06-10 18:22:35
"05","Cleaning and tidying data with R",188,2017-06-10 18:22:35
"06","Analysing artefact data with R",86,2017-06-10 18:22:35
"07","Analysing Excavation and stratigraphic data with R",23,2017-06-10 18:22:35
"08","Analysing spatial data and making maps with R",57,2017-06-10 18:22:35
"01","Introduction",6997,2017-06-10 18:22:35
"02","Implementing reproducible research",8086,2017-06-17 00:55:31
"03","Collecting data for R",3809,2017-06-17 11:59:21
"04","Getting data into R",3659,2017-06-10 18:22:35
"05","Cleaning and tidying data with R",188,2017-06-10 18:22:35
"06","Analysing artefact data with R",86,2017-06-10 18:22:35
"07","Analysing Excavation and stratigraphic data with R",23,2017-06-10 18:22:35
"08","Analysing spatial data and making maps with R",57,2017-06-10 18:22:35
"01","Introduction",6997,2017-06-10 18:22:35
"02","Implementing reproducible research",8086,2017-06-17 00:55:31
"03","Collecting data for R",4426,2017-06-17 13:52:00
"04","Getting data into R",3659,2017-06-10 18:22:35
"05","Cleaning and tidying data with R",188,2017-06-10 18:22:35
"06","Analysing artefact data with R",86,2017-06-10 18:22:35
"07","Analysing Excavation and stratigraphic data with R",23,2017-06-10 18:22:35
"08","Analysing spatial data and making maps with R",57,2017-06-10 18:22:35
"01","Introduction",6997,2017-06-10 18:22:35
"02","Implementing reproducible research",8086,2017-06-17 00:55:31
"03","Collecting data for R",4680,2017-06-17 14:06:46
"04","Getting data into R",3659,2017-06-10 18:22:35
"05","Cleaning and tidying data with R",188,2017-06-10 18:22:35
"06","Analysing artefact data with R",86,2017-06-10 18:22:35
"07","Analysing Excavation and stratigraphic data with R",23,2017-06-10 18:22:35
"08","Analysing spatial data and making maps with R",57,2017-06-10 18:22:35
